{
    "Version": "2012-10-17",
    "Statement": [
        {
            "Effect": "Allow",
            "Action": "logs:CreateLogGroup",
            "Resource": "arn:aws:logs:us-east-1:*:*"
        },
        {
            "Effect": "Allow",
            "Action": [
                "logs:CreateLogStream",
                "logs:PutLogEvents"
            ],
            "Resource": [
                "arn:aws:logs:us-east-1:*:log-group:/aws/lambda/create-group:*"
            ]
        },
        {
            "Effect": "Allow",
            "Action": [
                "dynamodb:GetItem"
            ],
            "Resource": [
                "arn:aws:dynamodb:us-east-1:*:table/Groups"
            ]
        }
    ]
}
